X	Gloss	Duhumbi	Khispi	Rupa	Shergaon	Rahung	Khoitam	Jerigaon	Khoina	Dikhyang	Singchung	Wangho	Bichom	Kaspi	Namphri	Bulu	Kojo Rojo	Rawa	Saria	Chayangtajo	Lasumpatte	ZMYYC	Li Daqin		ʦB	WB	WT	PT	PBG	PH	PKC
45	1SG	ga 	ga 	gu	gu	gu	gu	gu	gu	koː	go	ko	go ~ gu	gu	go	gu	go	go	go	go	go	goh⁵³	goh⁵⁵		ʥaŋ 	ŋà/kò	ṅa	*ŋoː	*aŋ¹	*na(-jaŋ)	*kay ⪤ kay-maʔ
LS	cognacy	1	1	1	1	1	1	1	1	1	1	1	1	1	1	1	1	1	1	1	1	1	1		2	2	2	2	2	2	1
100	2SG	naŋ 	naŋ 	naŋ 	naŋ 	naŋ 	naŋ 	naŋ 	naŋ 	nɔ̃	no	no	no	no	no	naː	naŋ	na	na	na	na	nah⁵³	na⁵⁵		nan	ɲí, nì̃, nḭ̃	khyed	noː	*na²/*naŋ²	*ni	*naŋ
LS	cognacy	1	1	1	1	1	1	1	1	1	1	1	1	1	1	1	1	1	1	1	1	1	1		1	2	3	1	1	2	1
38	3SG	wɔj 	wuj 	wa 	wa 	hɛ ~ ʔɛ 	wa-ʥi	wa 	laŋ-wa 	ʔoɛ	oe	we	uwe	tʰe	oe	vɛː	wai	hoː	waː	wɛː	wɛː	væ³³	vaʳ⁵⁵		dan/rɔk 	θù	kho/mo	NA	*u¹-/*Bi¹	*ʔi	NA
L	cognacy	1	1	1	1	1	1	1	1	1	1	1	1	2	1	1	1	3	1	1	1	1	1		4	2	5		6	7	
1	ant	kʰin- ʨʰɔk̚ 	kʰe- ʨʰɔk̚	san-gjuk ~ san-ʥɔk	san-ʥɔk	saŋ-ʥɔk	saŋ-ʥɔk	san-ʥɔk	ʂan-ʥɔk	ɕiɲiŋ	ʃiŋiŋ	ʃiŋiŋ	siiŋ	ʃiŋiŋ	ʃiŋiŋ	ʤamʤuʔ	gamgɹu	gaməgɹoː	gɹɛŋgɹo	gɹɛŋgɹo	gɹɛŋgɹo	gɹɛn³³gɹo⁵³	gran³¹koʳ⁵³		kʰaŋʥila 	pəyweʔ sʰeiʔ	grog-ma	*ruk ~ rup	NA	*si-ni	NA
L	cognacy	1	1	1	1	1	1	1	1	2	2	2	2	2	2	1	1	1	1	1	1	1	1		3	4	1	1		2	
2	arm/hand	hut̚	hut̚	ʔik	ʔik	ʔik	ʔik	ʔik	ʔik	wat	wat	wat	wat	wat	wat	geʔ	geiʔ	get	geiʔ	geiʔ	geiʔ	geʈ³³	giᵗ⁵⁵		gadaŋ	leʔ	lag-pa	*lak	*yak	*mə-guC	*kut ⪤ khut
LS	cognacy	1	1	2	2	2	2	2	2	3	3	3	3	3	3	4	4	4	4	4	4	4	4		5	6	6	6	6	7	7
3	ash	ʨʰu-pʰak̚ ~ ʨʰu-bak̚	ʨʰu-pʰa	ʨʰa-pʰluː	ʨʰa-pʰuː	ʨʰa-pʰruː ~ ʨʰa-pʰluː	ʨʰa-pʰluː	ʨʰa-pʰluː ~ ʨʰa-fluː	ʥɐ-pʰluː	səpʰiə	spije	spije	spije	spije	spije	pʰa-rəp	bə-rəm	bai-rəp	bai-rəʔ	bɛɛ-rak	bɛɛ-rak	bæ³³ɣək³³	bæ³³ɣəh⁵³		tʰulu	pyà	thal-ba	NA	*thap⁴-la	NA	*wut
LS	cognacy	1	1	1	1	1	1	1	1	2	2	2	2	2	2	3	3	3	3	3	3	3	3		4	2	4		4		5
5	big	ʔɔ-dɔk̚	ʔɔ-dɔk̚	ʔa-dɔk 	ʔa-dɔk 	ʔa-dɔk 	ʔa-dɔk 	ʔa-dɔk 	ʔa-dɔk 	əpõː	eboᵘ	eboᵘ	boᵘ	boᵘ	boᵘ	araː	arai	arai	toʔrɨɨ	kəlaː	kəlaː	a³³bua³³	a³¹bua⁵⁵		kataŋ 	ʧí (kji:)	čhen-po	*tə~ta	-ma⁰	*mə-doʔ	*lian-II, lianʔ-II
LS	cognacy	1	1	1	1	1	1	1	1	2	2	2	2	2	2	3	3	3	1	4	4	2	2		5	6	7	1	8	1	9
6	bird	hwa	hwa	hu	hu	hu	hu	hu	fu 	fuə	fua	fua	fua	fo	fua	pəduː	pədoː	pədoː	pədoː	pədou	pədou	pə³³tu³³	pɯ³¹tu⁵⁵		kʰa 	ŋ̊eʔ	bya	*taŋ	*tao²	*bə-dow	*waa
LS	cognacy	1	1	1	1	1	1	1	1	1	1	1	1	1	1	2	2	2	2	2	2	2	2		3	4	5	6	2	2	1
7	bite	zjɛk̚	zɛk	zɛk	zɛk	zɛk	zɛk	zɛk		kʰrik	tʰokmage	kʰrik ~ nik	tʰokpʰa	ʧipʰa	tʰokpʰa	tɔʔ	tua	tua	tua	tua	tua	tua⁵³	tua⁵⁵		ŋam 	kaiʔ	so rgyag-pa	*gam (~ gjam?)	*cik	*taʔ	*pet-I, peʔ-II, *kray, *seʔ, *tewʔ, *ʦuu-I, ʦuk-II
LS	cognacy	1	1	1	1	1	1	1		2	3	2	3	4	3	3	3	3	3	3	3	3	3		5	6	7	5	2	3	3
8	bitter	ʨʰak̚ba	ʨʰak̚ba	kʰjɔk ~ ʨʰɐk 	ʔa-ʨʰak 	ʨʰak	ʨʰak	ʨʰak	ʔa-ʨʰak 	ʔəkʰoː	kʰoᵘ	ekʰoᵘ	kʰoᵘ	kʰoᵘ	ekʰoᵘ	aʧaʔ	aʧuaʔ	aʧaː	akjaː	aʧaː	aʧjaː	a³³bio⁵³	a³¹ʥiu⁵³		kʰakpu	kʰá	kha-ba	*ko ~ kaː	*kha²	*kam	*khaa-I, khaat ⪤ khaak-II
L	cognacy	1	1	1	1	1	1	1	1	2	2	2	2	2	2	1	1	1	1	1	1	3	1		2	2	2	2	2	2	2
9	black	ʔu-ʨʰam 	ʔu-ʨʰam 	ʔa-kʰjɔ̃ː ~ ʔa-ʨʰũː 	ʔa-ʨʰɔ̃ː 	ʔa-ʨʰũː 	ʔa-ʨʰũː 	ʔa-ʨʰɔ̃ː ~ ʔa-ʨʰũː	ʔa-ʈ͡ʂʰũː 	əsai	esaⁱ	esaⁱ	esaⁱ/soⁱ	soⁱ	esui	ahjɛN	ahjeĩ	ahjɛĩ	ahɛ̃	ahjɛN	ahjɛN	a³³ɦiɛ⁵³	a³³ɦam⁵⁵		ʨʰaŋlu	neʔ	nag-po	NA	*Gɯ⁰-Sɯm⁴	NA	*nak, *wom, *ɗum
LS	cognacy	1	1	1	1	1	1	1	1	2	2	2	2	2	2	3	3	3	3	3	3	3	3		1	4	4		2		4
10	blood	hɔj	hɔj	haː 	haː 	hɛː	hɛː	hɛː	xaː 	əfuɛ	efua	efua	efua	nəfaⁱ 	məfaⁱ	ahui	afui	fui	hue	hue	hue	hue⁵³	hui⁵³		ji ~ ʑi 	θwéi	khrag	*viː	*thɯi²	*jaC	*thii
LS	cognacy	1	1	1	1	1	1	1	1	1	1	1	1	1	1	1	1	1	1	1	1	1	1		1	1	2	1	1	3	1
12	bone	ɕa-kʰus 	ɕa-kʰus 	s-kik 	s-kit 	s-kik	sə-kik ~ s-kik 	ʔi-hik 	ʔa-xyk 	əsɛŋ ~ əzɛŋ	ezeŋ	ezak	ezeŋ	nizeŋ	ezeŋ	azɛN	aʒan	azaʔ	azaiʔ	azaiʔ	aʤaiʔ	NA	a³¹zai⁵⁵		kʰaŋ 	əyó	rus pa	*loŋ	*kreŋ³	*mə-ri-jaŋ	*ruʔ
LS	cognacy	1	1	1	1	1	1	1	1	2	2	2	2	2	2	2	2	2	2	2	2		2		3	5	4	5	6	7	7
13	breast	ɲu ~ nu 	ɲu	ɲyŋ	ɲuŋ	nyŋ	nyŋ	nyŋ	nyŋ	ɲeoː ~ neoː	ɲeoː	ɲeoː	niw	dut	niw	anjɛː	anjei	njɛi	ɲɛː	anjɛː	anjɛː	a³³ niɛ¹¹	a³³niɛ¹¹		nu 	no̰	nu-ma	NA	*shok	*mə-nuŋ	*hnooy
LS	cognacy	1	1	1	1	1	1	1	1	1	1	1	1	2	1	1	1	1	1	1	1	1	1		1	1	1		2	1	1
14	to burn (it.)	haj	haj	haː	haː	hɛː	hɛː	hɛː ~ hũŋ 	haː	hõːe	ʃuⁱt	haᵘ	fũppʰa 	ʤijopʰa	fupʰa 	ham	ʤəu	ʤəu	ʤɨː	jɨː	ʤɨː	NA	ɕi⁵⁵		diɾ 	laʊ̀̃ (laun)	ḥbar	*gu	*kham¹	NA	*haal, *kaaŋ-I, kaŋʔ ⪤ kan-II
LS	cognacy	1	1	1	1	1	1	1	1	1	2	1	3	4	3	5	4	4	4	4	4		6		7	8	9	10	5		1
15	to carry (on back)	bu	bu	byː	byː	byː	byː	byː	byː	hán	NA	NA	NA	NA	NA	ʒeN	ɹan	bəu	eiʔ	eiʔ	ek	ɣəȶ³³	NA		baŋ 	pó (pou:)	ḥkhur	*bak	*ba²	NA	*phur ⪤ phor, *pua-I, puak-II
L	cognacy	1	1	1	1	1	1	1	1	2						3	4	1	5	5	5	5			6	8	7	6	6		9
72	cloud	mukpa	tɔŋ-ti ~ tɔŋ-tej 	ʦə-ty ~ s-ty 	sin-ti ~ sin-ty 	syn-ty	syŋ-ty 	s-ty 	ɕ-tỹ 	səkʰamau	skəmoᵘ	skəmoᵘ	ʧakamaŋ, sěkmoᵘ	ʧakamaŋ	ʧakamaŋ	sətɨː	kadəusə	toŋsəu	katɨːsɨː	katəː	katəː	kə³³tɯ³³	kə³¹tɯ⁵⁵		mukpa	tèĩ	smug pa 	*mək ~ muk	NA	*majməwŋ	*may
S	cognacy	1	2	2	2	2	2	2	2	3	3	3	4	4	4	2	2	5	2	2	2	2	2		1	1	1	1		4	6
19	to cry/weep	kʰip	kʰip	kʰe	tʰe	ʨʰe	ʨʰe	ʨʰe	ʈ͡ʂʰe	ʨʰõ	ʧomage	ʧo	ʧoapʰa	ʧoapʰa	ʧo	ʧɛʔ	ʧap	ʧap	kjaʔ	ʧap	ʧjap	ciak⁵³	ciaᵏ⁵³		gɛp 	ŋò	ṅu-ba	*krap	*Grap	*kraC	*krap-I, kraʔ-II 
L	cognacy	1	1	1	2	1	1	1	1	1	1	1	1	1	1	1	1	1	1	1	1	1	1		1	2	3	1	1	1	1
18	to die	ʔi	ʔi	ʔiː 	ʔiː 	ʔiː 	ʔiː 	ʔiː 	ʔiː 	ʔiː 	ida	iⁱ	ipʰa	idən	idun	iː	iː	iː	iː	iː	iː	ji³³	ji⁵⁵		ɕi 	θèi	śi	*si	*thɯi¹	*θəj	*thii-I, thiʔ-II
S	cognacy	1	1	1	1	1	1	1	1	1	1	1	1	1	1	1	1	1	1	1	1	1	1		1	1	1	1	1	1	1
20	to do/make	le	li	ra	ra	rɛ ~ ra	 rɛ	ra	ra	rjɛt	retmage	ret	reʔpʰa	reⁱpʰa	 ɾappʰa	ʦaʔ	ʒou	kat	kaiʔ	kaiʔ	kaiʔ	kaʈ³³	kaᵗ⁵⁵		ʔa	ʧé (kje:)	byed-pa	*rjɯ	*tak	*ru	*tuaʔ
L	cognacy	1	1	1	1	1	1	1	1	1	1	1	1	1	1	2	3	4	4	4	4	4	4		5	6	7	4	8	1	8
21	dog	wa-tʰi 	wa-tʰi 	bə-tʰaː 	pʰ-tʰaː 	pʰ-tʰɛː 	pʰ-tʰɛː 	pʰ-tʰɛː 	bə-tʰaː 	ʨɔi	ʧi	ʧaⁱ	ʧoⁱ	ʧoⁱ	ʧoⁱ	buː	buː	boː	boː	kajoː	kajoː	boh⁵³	boh⁵³		kʰu	kw̥éi (khwei:)	khyi	*kwiː	NA	NA	*ʔuy
LS	cognacy	1	1	1	1	1	1	1	1	1	1	1	1	1	1	2	2	2	2	3	3	2	2		4	4	4	4			5
22	drink	ɲiŋ ~ ɲuŋ	ɲiŋ ~ ɲuŋ 	liŋ	ʔiŋ	liŋ	liŋ	liŋ	lyŋ	naŋ	kʰoŋaŋ	naŋ	naŋpʰa	naŋpʰa	naŋ	in	in	in	riŋ	riŋ	riŋ	rin³³	ɣliŋ⁵⁵		ʥam	θaʊʔ	ḥthuṅ	*tɯŋ	*lɯŋ¹	*tuŋ	*hroop, *ɗoon
LS	cognacy	1	1	2	2	2	2	2	2	3	3	3	3	3	3	2	2	2	2	2	2	2	2		4	5	5	5	2	5	6
89	dry	waʔar	ʔɔwal 	ʔɔʔɔ̃ː 	ʔɔʔɔ̃ː 	ʔɔʔɔ̃ː 	ʔyk̚ʔãː 	ʔyk̚ʔãː 	ʔɔʔɔ̃ː 	əkou ~ əkau	egaᵘ	ekaᵘ	egaᵘ	goᵘ	nəgou	awɛN	awan	awan	awaiʔ	awaiʔ	awaiʔ	a³³vəʴʈ³³	a³¹vaʳᵗ⁵⁵		saŋbu 	θwḛi, yáʊ̃	skam-po	*san	*ran²	mə-ki-laŋ	*raw, *ʦaar
S	cognacy	1	1	1	1	1	1	1	1	2	2	2	2	2	2	1	1	1	1	1	1	1	1		3	4	5	3	6	7	6
23	ear	kʰu-tʰuŋ	kʰu-tʰuŋ	gə-tʰyŋ 	kʰə-tʰuŋ-lap 	kʰ-tʰyŋ 	kʰ-tʰyŋ 	kʰ-tʰyŋ-lɛ 	ga-tʰyŋ 	kʰɔ̃	kʰõ	kʰõ	kʰõ	kʰõ	kʰõ	akuiN	akun	kot	kuiʔ	(a)kuiʔ	(a)kuiʔ	a³³kuʈ³³	mɯ³¹kui⁵³		na 	ná	rna	*ña-ruŋ	*na[¹]-cur	NA	*naa ⪤ hnaa 
LS	cognacy	1	1	1	1	1	1	1	1	2	2	2	2	2	2	2	2	2	2	2	2	2	2		3	3	3	3	3		3
24	eat	ʨʰa	ʨʰa	ʦʰu 	ʨʰu	ʨʰu	ʨʰu	ʨʰu	ʦʰu 	ʦiə	ʧəmut	ʧəmut	ʧəmut	ʧəmut	ʧəmut	ʧiː	ʧiː	ʧiː	ʧiː	ʧiː	ʧiː	ʨih⁵³	ʨih⁵³		za 	sá	bzaḥ-ba	*do	*ca²	*ʨa	*ʔay
LS	cognacy	1	1	1	1	1	1	1	1	2	2	2	2	2	2	2	2	2	2	2	2	2	2		3	3	3	4	1	1	5
25	egg	hɔj-ʥɔŋ 	ʔɔ-gɔŋ 	ʔa-juŋ	kʰlɔm	ʔa-juŋ	ʔa-juŋ	ʔa-juŋ	ʔa-juŋ	əriː	kʰere	kʰere	eri	kʰere	kʰere	awuN	aliː	tju-li	məriː	məriː	məriː	mə³³ri³³	mɯ³¹ɬi⁵⁵		goitʰam	ṵ	sgo-ṅa	*pɯ	*pi¹-tɯi²	*do-riŋ	*ɗu(u)y ⪤ tu(u)y
LS	cognacy	1	2	3	4	3	3	3	3	5	5	5	5	5	5	3	5	5	5	5	5	5	5		6	7	2	8	9	5	9
26	eye	kʰu-m 	kʰu-mɔː	kʰa-by ~ kʰə-by	kʰi-biː 	kʰam-by ~ kʰa-by	kʰa-by	kʰa-by 	ga-by 	miɛk ~ mjɛk	mijak	mijak	mijak	mije	mijak	akəm	akəm	kəp	kəʔ	(a)kək	(a)kək	kək³³	a³¹gɯᵏ⁵⁵		miŋ 	seʔ kʰṵ ([Pali စက္ခု])	mig	*mik	*mɯk-kon	*mə-jaʔ	*mik
LS	cognacy	1	1	1	1	1	1	1	1	2	2	2	2	2	2	1	1	1	1	1	1	1	1		2	1	2	2	2	2	2
28	far	tʰaːuɹiŋ	tʰaːuliŋ	ʔa-ʨʰɔ̃ː 	ʔa-ʨʰɔ̃ː 	ʔa-ʨʰɔ̃ː 	ʔa-ʨʰɔ̃ː 	ʔa-ʨʰãː 	ʔa-ʨʰɔ̃ː 	rɛʔɛ ruaŋ	rᵘaŋ	ruwaŋ	rᵘaŋ	rᵘaŋ	rᵘaŋ	aʧoi	aʧai	aʧai	kjeː	aʧjeː	aʧjeː	a³³ciɛ³³	a³¹cie⁵⁵		tʰaɾiŋbu	wéi	thag riṅ-po	*do	*jal²/cal²	*mə-rəŋ	*hlaa-I, hlaat-II
L	cognacy	1	1	2	2	2	2	2	2	1	1	1	1	1	1	2	2	2	2	2	2	2	2		1	3	1	4	2	1	5
4	fat	ʔɔ-jɔw 	ʔɔ-ju ~ u-ju 	ʔa-jɔː ~ ʔa-jɔw 	ʔa-jɔː	ʔa-jɔw 	ʔa-jɔː ~ ʔa-jɔw 	ʔa-jɔː	ʔa-jɔː 	əjou	eju	eju	eju	ejo	ejo	aʒɔː	azjaː	azjaː	azua	azua	aʤua	a³³ʑua¹¹	mɯ³¹ʑua⁵⁵		jan	əsʰì	ʦhil	*fu	*mV⁴-tVm	*mə-baC	*thaaw
S	cognacy	1	1	1	1	1	1	1	1	1	1	1	1	1	1	1	1	1	1	1	1	1	1		2	3	3	4	5	6	7
11	fingernail	hut-ʦun ~ hut-ʦum 	hut-ʨʰin ~ hut-ʦin	ʔikʦiŋ ~ ʔikʦĩŋ	ʔik’kjiŋ ~ ʔik̚ʨiŋ 	ʔik̚-ʨiŋ 	ʔik̚-ʦiŋ 	ʔik̚-ʨʰiŋ	ʔik̚-ʦiŋ	bəsɛn	bəsen	pəʧijat	bəsen	pə̌sen	pəʃen	ageʔ gəsɨn	geiʃin	gəsin	geisiŋ	geisiʔ	geisiʔ	geʈ³³ɕit³³	giᵗ³³ɕiᵗ⁵³		ʦinaŋ 	leʔ θé	sen-mo	*lak-zin	*yak-si-kur	NA	*tin
S	cognacy	1	1	1	1	1	1	1	1	1	1	1	1	1	1	1	1	1	1	1	1	1	1		1	1	1	1	1		1
29	fire	bɛj 	bej 	ba 	ba 	bɛ 	bɛ 	bɛ 	ba 	boːɛ	boᵉ	boᵉ	boᵉ	baⁱ	boᵉ	bɛː	bai	bai	bɛː	bae	bɛː	bæ³³	bæ⁵⁵		mi 	mí	me	*mə	*bwar²	*maj	*may
LS	cognacy	1	1	1	1	1	1	1	1	1	1	1	1	1	1	1	1	1	1	1	1	1	1		1	1	1	1	2	1	1
30	fish	ŋa	ŋa	ɲu ~ ɲuŋ 	ɲu	nu ~ nuŋ 	nu ~ nuŋ 	nu	nu	ũə	ūa	ūa	uŋa	ūa	uŋə̄	ʧui	ʧui	ʧuei	ɲoː	kahuaŋ	kahuaŋ	ka³³fuaŋ⁵³	ka³³fuaŋ⁵³		ŋa 	ŋá	ña	*ŋo	*na²	trV	*ŋaa ⪤ hŋaa
LS	cognacy	1	1	1	1	1	1	1	1	1	1	1	1	1	1	2	2	2	1	3	3	3	3		1	1	1	1	1	2	1
31	flesh/meat	ɕa	ɕa	su	su	su	su	su	ʂu	eːɕau ~ əɕau	epije	epije	ebije	məbi	ebei	ʃiː	mai	mai	məreʔ	mərjeʔ	mərjeʔ	mə³³ri³³	mɯ³¹ɬiᵏ⁵⁵		ɕa	əθá	śa	*dɯn	NA	*su	*shaa
LS	cognacy	1	1	1	1	1	1	1	1	1	2	2	2	2	2	1	3	3	4	4	4	4	4		1	1	1	5		1	1
32	to fly	ɕɛɹ	ɕɛl	ʦʰan ~ ʨʰan	ʨʰan	ʨʰɛm 	ʨʰan	ʨʰɛn	ʦʰɛn 	məʦo	kʰemage 	kʰeⁱ 	kʰeⁱ 	kʰeŋpʰa	kʰeⁱpʰa	kiː	kɹei	kei	piʔ	pjeʔ	pjiʔ	pie³³	pie⁵⁵		pʰɛn	pyà̃ (pjan)	ḥphur-ba 	*bjar	*pir¹	NA	NA
LS	cognacy	1	1	1	1	1	1	1	1	2	3	3	3	3	3	3	3	3	4	4	4	4	4		5	4	6	1	4		
95	full	pɕiŋ-ba	pɕiŋ-ba ~ ɕiŋ-ba 	pʰiŋ-ba 	pʰiŋ-ba 	ʔa-pʰiŋ 	ʔa-pʰiŋ 	ʔa-pʰiŋ 	ʔa-pʰiŋ 	əlijeː	lija	elija	leⁱ	leⁱ	eleⁱ	ljɛː	jei	ljɛi	lɛː	ljɛː	ljɛː	liɛ³³	lian³³		pʰuŋma 	pʰyó	gaṅ-ba 	*brɯŋ	*pʰuŋ¹	*liŋ	*kim, *pliŋ, *ɗim
LS	cognacy	1	1	1	1	1	1	1	1	2	2	2	2	2	2	2	2	2	2	2	2	2	2		3	3	4	3	3	3	3
33	to give	ɕi	ɕi	ʨʰi ~ ʣi 	kʰji	ʨʰi	ʨʰi	ʨʰi	ʦʰi 	pʰy ~ pʰi	pʰimage	pʰi	pʰipʰa	pʰipʰa	pʰi	taN	taŋ	taʔ	taŋ	taŋ	taŋ	taŋ³³	taŋ⁵⁵		bi	ká̃	sbyin-pa 	*bi	*ron²	*bəj	*pia-I, piak-II
LS	cognacy	1	1	1	1	1	1	1	1	1	1	1	1	1	1	2	2	2	2	2	2	2	2		1	3	1	1	4	1	1
34	to go	wa	wa	rɔ	ro	rɔ	rɔ	rɔ	rɔ	wuə	lua	vəwa	tʰevəə	dun	vəopʰa	vuː	wuː	woː	uː	uː	uː	u³³	wu⁵⁵		di	tó	ḥgro	*in	NA	NA	*kal, *θeʔ
L	cognacy	1	1	2	2	2	2	2	2	1	3	1	1	4	1	1	1	1	1	1	1	1	1		5	2	2	6			7
35	good	ʔɔ-ʥɔp̚ 	nakpa ~ nakma 	ʔa-gjap ~ ʔa-ʥap 	ʔa-ʥap	ʔa-ʥap 	ʔa-ʥap 	ʔa-ʥɛ 	ʔa-d͡ʐa 	əviə	avije	avije	avije	avije	avije	amjɛː	anjam	anjam	ajɨː	anjaŋ	anjaŋ	a³³niaŋ¹¹	a³¹ɲiaŋ⁵⁵		lɛkpu	káʊ̃	legs-po	*-pro?	*nam¹	NA	*phraa-I, phrat-II
LS	cognacy	1	2	1	1	1	1	1	1	3	3	3	3	3	3	4	5	5	6	5	5	5	5		7	8	7	9	2		9
36	hair on head	kʰu-ɕaŋ ~ kʰu-zjaŋ 	kʰu-ɕaŋ 	gə-zaŋ	gə-zaŋ	gə-zaŋ	gə-zaŋ	gə-zaŋ	gə-ʐaŋ 	kʰazijɔŋ	kʰazijaŋ	kʰazijaᵘ	kʰazijaŋ	kʰazijaŋ	kʰazijaŋ	kə-zaN	kə-zjaŋ	kə-zjaʔ	kə-zaʔ	kə-zak	kəʤaʔ	kə³³ʑak³³	kau³¹ʑiaᵏ⁵⁵		ʦʰam 	sʰà̃	skra	NA	*khi³-ni	*go-pu	*sham
LS	cognacy	1	1	1	1	1	1	1	1	1	1	1	1	1	1	1	1	1	1	1	1	1	1		2	2	3		4	5	2
37	hard	kaktar	kaktal 	ʔa-ʦu ~ ʔa-ʨu	ʔa-ʨu	ʔa-ʨu	ʔa-ʨu	ʔa-ʨu	ʔa-xɔ̃ŋ ~ ʔa-xãŋ	əkɔŋ	NA	NA	NA	NA	NA	aʃɔN	ahɹan	NA	gaː	akaː	akaː	a³³siet³³	a³¹ga⁵⁵		kaktaɾ	mà	khag-po	NA	*rak	*mə-gaŋ-lo	*ʦaar, *θaak
L	cognacy	1	1	2	2	2	2	2	3	3						4	5		6	6	6	7	6		1	8	1		9	6	10
87	head	kʰɔ-lɔk̚ 	kʰɔ-lɔk̚ 	kʰ-ruk̚ 	kʰ-ruk̚ 	kʰ-ruk̚	kʰ-ruk̚	kʰ-ruk̚	mətʰɛ̃n	kʰruk	kʰɾuk	kijatuŋ	kʰɾuk	kʰɾuk	kʰɾuk	akuŋ	akuŋbəː	koʔ-bəu	akoʔ	akok	akok	ko⁵³	a³¹kau⁵³		ɕaɾaŋ	gáʊ̃ (gaun:)	mgo	*dum	*kho⁴-rok	*mə-go-kuŋ	*luu
S	cognacy	1	1	1	1	1	1	1	2	1	1	3	1	1	1	1	1	1	1	1	1	1	1		4	5	5	6	1	5	7
39	to hear 	ʥas	kʰa la	jɔ	jo	jɔ̃	jɔ̃	jɔ̃	jɔ̃	jɔi	nuvamage	nūa 	joⁱpʰa	nuapʰa	joⁱ	nɨŋ	nuŋ	noŋ	roŋ	roŋ	roŋ	ɣɔŋ (!)	ɣaŋ⁵⁵		na tʰa 	ʤá (kja:)	thos-pa/sñan-pa	*tat²	*khɯ¹-na	NA	*thay-I, thayʔ-II
LS	cognacy	1	2	3	3	3	3	3	3	3	4	4	3	4	3	4	4	4	4	4	4	4	4		5	1	6	7	8		7
40	heavy	u-li 	u-li 	ʔa-liː 	ʔa-liː 	ʔa-liː 	ʔa-liː 	ʔa-liː 	ʔa-liː 	ə-lai	laⁱ	elaⁱ	laⁱ	laⁱ	elaⁱ	a-lɨː	a-lei	a-lei	a-lei	a-lei	a-lei	a³³lei³³	a³¹lei⁵⁵		ʨitpu	léi	lǰid-po	*ɦit	NA	*mə-ləj	*rik-I, riʔ-II
L	cognacy	1	1	1	1	1	1	1	1	1	1	1	1	1	1	1	1	1	1	1	1	1	1		2	1	2	3		1	4
41	to hide	uk	uk	uk	uk	uk	uk	uk	uk	uk	NA	NA	NA	NA	NA	uʔ	ɨʔ	əə	rjaŋ-əː	rou-gəə	rou-gəə	ɣɯ³³ɣə⁵³	ʣa³³ɣə⁵³doŋ⁵⁵ɣə⁵³		gum 	póʊ̃, kwè	bskuṅs-ba	NA	NA	NA	*thup
L	cognacy	1	1	1	1	1	1	1	1	1						1	1	1	1	2	2	2	2		3	4	3				5
42	to kill	ʔat 	ʔat 	ʔɔ	ʔo	ʔɔ	ʔɔ	ʔɔ	ʔɔ	uːə	wamage	ua	uapʰa	uapʰa	ua	wɛʔ	aiʔ	at	aiʔ	aiʔ	aiʔ	waʴt³³	waʳᵗ⁵⁵		ɕe	θaʔ	bsad-pa	*man	NA	*gajC	*that-I, -thaʔ-II
LS	cognacy	1	1	1	1	1	1	1	1	2	2	2	2	2	2	2	1	1	1	1	1	2	2		1	1	1	3		4	1
43	horn	kʰjaŋ 	kʰɛŋ 	kʰɛŋ 	kʰɛŋ 	ʨʰɛŋ	ʨʰɛŋ	ʨʰɛŋ	ʈ͡ʂʰajŋ	əriɔŋ	erijaŋ	erijok	erijaŋ	erijaŋ	erijaŋ	akjɛN	akɹan	akɹɛt	akuaŋ	kowaŋ	kowaŋ	a³³kəvuaŋ³³	a³¹vaŋ⁵³		waɾɔŋ 	ʤò (gjou)	rwa	*rəŋ	*kroŋ¹	*mə-su	*kii
LS	cognacy	1	1	1	1	1	1	1	1	2	2	2	2	2	2	1	1	1	3	3	3	3	3		2	1	2	2	1	4	5
44	house	wam 	wam 	jam	jam	jam	jam	jan ~ jɛn	jan 	hõ	hõ	hõ	hõ	hõ	hõ	ham	ham	ham	haʔ	ʧuʔ	ʧuʔ	ʨok³³	ʨauᵏ⁵³		pʰai	èĩ (ein)	khyim	WT *nam	*nok	*nam	*ʔim
L	cognacy	1	1	1	1	1	1	1	1	2	2	2	2	2	2	2	2	2	2	3	3	3	3		4	5	6	7	8	7	6
46	in	naŋ 	naŋ 	ʔa-lyŋ 	ʔa-luŋ 	ʔa-lyŋ 	ʔa-lyŋ 	ʔa-lyŋ 	ʔa-lyŋ 	pʨʰau	NA	NA	NA	NA	NA	alɨŋ	aloŋ	NA	araŋ	aɹaŋ	aŋɹaŋ	a³³ɹaŋ⁵³	a³¹raŋ⁵³		naŋka	ətwí̃ (atwin:)	naŋla	NA	*niŋ²/*nuŋ²	NA	*ʦhuŋ
L	cognacy	1	1	2	2	2	2	2	2	3						2	2		4	4	4	4	4		1	5	1		2		6
47	knee	kɔːlɔkpa	kɔːlɔkpa	lə-pʰyk	kʰlɔkpuː 	la-pʰik̚ kʰɔm	lə-pʰik̚ kʰɔm	la-pʰyk̚ kriː	ja-pʰyk kraː	laːgjuŋ	ləspau	lakijuŋ	ləspau	lagijoŋ	lagijoŋ	alɛː kəpeiʔ	laikapɹei	laikərəʔ	lɛːkuŋ	kapɹei	kapei	NA	mə³¹lai⁵⁵kə³¹pei⁵³		tɔŋziŋ ~ gumziŋ	dú	pus-mo	*lə-bɯŋ	NA	NA	*kuup ⪤ khuup ⪤ khuuk
LS	cognacy	1	1	2	1	2	2	2	2	3	4	3	4	3	3	5	5	6	7	5	5		5		8	9	10	11			12
48	to know	dɛn 	dɛn 	dan	dan	dɛn 	dɛn 	dɛn 	dɛn 	ĩt	tʰekmage	īt	tʰejakpa	itpʰat	itpʰa	dɛN	dan	dat	daiʔ	daiʔ	daiʔ	daʈ³³	daᵗ⁵⁵		se	taʔ/θḭ	śes-pa	*ken	*si⁴	*ni	*thay-I, thayʔ-II
LS	cognacy	1	1	1	1	1	1	1	1	2	3	2	3	2	2	1	1	1	1	1	1	1	1		2	2	2	4	2	5	6
49	to laugh	ʑɛj 	ʑej	zaː 	zaː 	zɛː 	zɛː 	zɛː 	ʐaː 	sjɔk	ʧijo	ʧijo	ʃijaʔ	seʔ	ʃeʔpʰa	zɛː	zjei	zei	zɛː	ruɛ	ruɛ	ɣuɛ³³	ɣue⁵⁵		ŋaɾ 	yè (yi)	bźad	*ŋil	*mi⁴-ni	*toC	*nu(u)y-I, -nuyʔ-II; hnu(u)y-I, hnuyʔ-II
L	cognacy	1	1	1	1	1	1	1	1	2	2	2	2	2	2	1	1	1	1	3	3	3	3		4	5	1	6	6	7	6
50	leaf	u-lap̚	u-lap	ʔa-lap 	ʔa-lap 	ʔa-rap 	ʔa-rap 	ʔa-lɛ	ʔa-laʔ 	ərap	erap	rap	rap	rap	rap	aləp	hɨ̃-jəm	hɨŋ-ləp	aləʔ	aləʔ	aləʔ	heʴn³³lɯk³³	a³¹lɯᵏ⁵³		ɕaba	əyweʔ	lo-ma	*nə	*lai²	*mə-rajC	*hnaʔ
LS	cognacy	1	1	1	1	1	1	1	1	1	1	1	1	1	1	1	1	1	1	1	1	1	1		2	1	3	4	1	1	4
51	leg/foot	lɛj 	lej 	la 	la 	lɛ 	lɛ 	lɛ 	la 	loːɛ ~ loɛ	loᵉ	luᵉ	luᵉ	laⁱ	laⁱ	alɛː	lai	lai	lai	(a)lɛː	(a)lɛː	læ³³	a³¹ʦæ⁵³		bi 	ʧʰèi (ʧʰi)	rkaṅ-pa	*lə(~ le?)	*ya²-theŋ	*laj	*kee ⪤ khee
LS	cognacy	1	1	1	1	1	1	1	1	1	1	1	1	1	1	1	1	1	1	1	1	1	2		3	4	7	1	5	1	6
52	liver	ɕa taŋku 	ɕap-ɕin	ʔa-ʦʰɛ̃ː 	ʔa-ʦʰeː ~ ʔa-ʨʰĩː 	ʔa-ʨʰĩː 	s-sĩː ~ sə-sĩː ~ ʦ-sĩː ~ ʦə-sĩː 	sɛ̃j ~ sɛ̃ĩ 	də-ʨɛ̃ː 	ʔəpʰin	NA	NA	NA	NA	NA	apjin	apin	apjet	apiʔ	apjiʔ	apjiʔ	a³³pie⁵³	a³¹pie⁵³		ʨʰimpa 	əθé	mčhin-pa	*zin	*pi³-kha	*mə-θin 	*thin
LS	cognacy	1	2	2	2	2	2	2	2	2						2	2	2	2	2	2	2	2		3	2	3	2	2	2	2
53	long	u-riŋ 	u-liŋ	ʔa-rɛŋ 	ʔa-rɛŋ 	ʔa-rɛŋ 	ʔa-rɛŋ 	ʔa-rɛŋ 	ʔa-rɛŋ 	əpʰjaŋ	pʰijaŋ	epʰijam	pʰijaŋ	pʰijaŋ	epʰijam	apjaN	apɹaŋ	apɹaŋ	pɹaŋ	apɹaŋ	apɹaŋ	a³³pɹaŋ⁵³	a³¹pɹaŋ⁵⁵		ɾiŋbu	myɔ́	riṅ-po	NA	*lao²	*mə-pjaŋ	*sʰay, *saaw
LS	cognacy	1	1	1	1	1	1	1	1	2	2	2	2	2	2	2	2	2	2	2	2	2	2		1	3	1		4	2	3
54	louse	hjek̚	hɛk̚	hɛk	hɛk	hɛk	hɛk	hɛ	xɛk	NA	NA	NA	NA	NA	NA	ʃiʔ	hɹɛ	hɛː	prɛː	pɹɛː	pɹɛː	pə³³ɣæ⁵³	pɯ³¹ɣai⁵³		ɕiŋ 	θá̃ (than:)	šig	*fɯk	*thɯk	*saC	*hrik
LS	cognacy	1	1	1	1	1	1	1	1							2	1	1	3	3	3	3	3		2	4	2	5	4	6	2
60	moon	nam-ba 	nam-ba 	nam-blu 	nam-blu 	nam-bru 	nam-blu 	nam-blu 	nam-blu 	haːbieː ~ haːpieː	habije	habije	habije	habije	habije	hambɔː	habu	hanua	aŋbo	amboː	amboː	aŋ³³bo³³	aŋ³³bo⁵⁵		laɲi ŋam 	sà̃ dà (san da) [Pali စန္ဒ]	zla-ba	*po-lo	NA	*lu	*khlaa
L	cognacy	1	1	1	1	1	1	1	1	1	1	1	1	1	1	1	1	2	1	1	1	1	1		3	3	3	4		3	5
55	mouth 	hɔ-ʨu	hɔ-ʨɔ 	nə-ʦʰaw 	nə-ʨʰaw 	ʨʰ-ʨʰoː ~ ʨʰə-ʨʰoː 	ʨʰ-sɔː ~ ʨʰə-sɔː	sɔː	də-ʦʰɛː 	siam	spʰun	ʃijam	sem	sem	sem	asəm	səm	səp	səʔ	səʔ	səʔ	mə³³luʈ³³	ɕəʳᵏ⁵⁵		nowaŋ	n̥oʊʔ	kha	WT *gam/ET *nap-paŋ	*khu²	*mə-nuŋ	*hmuur, *kaa, *kam
LS	cognacy	1	1	1	1	1	1	1	1	2	3	2	2	2	2	2	2	2	2	2	2	4	2		5	5	3	6	3	5	3
56	name	biŋ 	biŋ 	ʔazɛŋ 	ʔazɛŋ 	ʔaʥɛŋ 	ʔaʥɛŋ 	ʔaʥɛŋ	ʔaʣajŋ ~ ʔaʣɛŋ 	əbɛŋ	ebeŋ	ebeŋ	ebeŋ	ebeŋ ~ mbeŋ	ebeŋ	abjɛN	abɹɛn	abɹɛn	abɹɛŋ	abɹɛŋ	abɹɛŋ	a³³bɛʴŋ³³	a³¹braŋ⁵³		miŋ 	nà myì	miŋ 	*mɯn ~ mrɯŋ	*muŋ 	*mə-mjiŋ	*miŋ ⪤ hmiŋ; min ⪤ hmin
LS	cognacy	1	1	1	1	1	1	1	1	1	1	1	1	1	1	1	1	1	1	1	1	1	1		2	2	2	2	2	2	2
57	navel	bɔːdi 	bɔːdi 	braː	butimuː 	brɛː 	brɛː 	braː	braː	burui	NA	NA	NA	NA	NA	sim-blyi	roŋrei	roːrei	rueri	ruerei	ruerei	NA	a³¹ɬɯi⁵⁵		pʰuʨi 	ʧʰeʔ	lte-ba	*kri-ni	NA	NA	*laay
L	cognacy	1	1	1	1	1	1	1	1	1						1	2	2	2	2	2		3		4	4	5	6			7
58	neck	hɛn-tʰɔŋ 	hɛn-tʰɔŋ 	tʰuŋ-ʦɛ̃ː 	takraː 	pʰ-tʰuŋ 	nə-tʰuŋ	NA	nə-tuxĩː	raguŋ juŋã	ejua	japu	ejua	jua	jua	kətuNrin	tuŋrin	tõrɨn	kətjuŋ	kətuŋ	kətjuŋ	kə³³tuoŋ³³	kɯ³¹toŋ⁵⁵		ŋaŋ 	lè	mǰiṅ-pa ~ ḥǰiṅ-pa	*lɯŋ	*Go⁰-tok	NA	*hŋooŋ
LS	cognacy	1	1	1	2	1	1		1	3	3	3	3	3	3	1	1	1	1	1	1	1	1		4	5	6	7	1		4
59	new	ʔɔ-kʰɔn 	ʔɔ-han 	ʔa-fan ~ ʔɔ-fan 	u-fan 	ʔa-hɛn ~ ʔɛ-hɛn 	ʔa-fan 	ʔə-hɛn 	ʔa-fɛn 	NA	ovoᵘ	evoŋ	ewã	mvəo	evo	afɛN	afan	afaʲt	afaiʔ	afaiʔ	afaiʔ	a³³faʈ³³	a³¹fuaᵗ⁵⁵		siŋma	θiʔ	gsar-pa	NA	*Gɯ⁰-dal⁴	*mə-gə-nu	*thar
LS	cognacy	1	1	1	1	1	1	1	1		2	2	2	2	2	1	1	1	1	1	1	1	1		3	3	4		5	6	4
61	nose	hɛm-pʰɔŋ 	hɛm-pʰɔŋ 	nə-pʰuŋ 	nə-pʰuŋ 	ma-pʰuŋ 	nu-pʰuŋ ~ nə-pʰuŋ 	nə-pʰuŋ ~ nə-fuŋ 	nə-pʰuŋ 	ʔeːpʰuŋ ~ ʔəpʰuŋ	epʰuŋ	epʰuŋ	epʰuŋ	epʰuŋ	epʰuŋ	a-pʰuN	a-puŋ	poŋ	poŋ	apok	apok	pɔk³³	a³¹pauᵏ⁵⁵		nahuŋ	n̥à	sna/sna-khug	*ña-pum; ña-buŋ	*kuŋ¹-thuŋ	NA	*hnaar
LS	cognacy	1	1	1	1	1	1	1	1	1	1	1	1	1	1	1	1	1	1	1	1	1	1		2	2	2	1	3		2
62	not	ba-	ba-	bɔ-/bi-/bə- 	bɔ-/bi-/bə- 	bə-/by- 	bə-/by- 	bə-/by- 	bə-/by- 	ɔi	NA	NA	NA	NA	NA	ba	ba	ba	ba	ba	ba	ba³³	ba³¹		ma	NA	ma	*maŋ	*-ya⁰	NA	*law
L	cognacy	1	1	1	1	1	1	1	1	2						1	1	1	1	1	1	1	1		1		1	1	3		4
63	old of things	ʔɔ-mɛn	ʔɔ-mɛn	ʔa-man	ʔa-man	ʔa-mɛn 	ʔa-man	ʔa-mɛn 	ʔa-mɛn 	əhɛk	ehe	ehek 	ehek 	ehek 	ehek 	aʦɛN	aʧjɛn	aʧet	aʧeiʔ	aʧaiʔ	aʧaiʔ	a³³ʨɛt³³	a³¹ʨeᵗ⁵⁵		manma	háʊ̃ (haun:)	rñiṅ-pa	*ku ~ kju?	*Gɯ⁰-cam¹	*mə-ɕoʔ	*hlun
L	cognacy	1	1	1	1	1	1	1	1	2	2	2	2	2	2	3	3	3	3	3	3	3	3		1	4	5	6	7	8	4
64	one	hin	hin	han	han	hɛn	han	hɛn	hɛn	ʦjɔ̃	ʤijo	ʧo	ʤijo	ʤe	ʤe	tyi	kjuː	tjoː	ʧue	hui	hui	ɦui³³	çun⁵⁵		tʰuɹ	tiʔ	gčig	kon	-sha⁴	a-ken	*khat ⪤ ʔat ⪤ hat
L	cognacy	1	1	1	1	1	1	1	1	2	2	2	2	3	3	4	2	2	3	5	5	5	6		7	8	8	9	10	9	10
68	path	huma 	huma 	nəmu ~ ləmu 	ləmu	lum ~ lym	lym	hamu ~ ləmu 	ham 	ləmuə duə	ləmua	ləmua	ləmua	ləmua	ləmua	lim	lim	lɨp	liʔ	puzuɛ	puzuɛ	pə³³zuɛ³³	pɯ³¹zuai⁵⁵		lam	lá̃ (lan:)	lam	*lam	*lam¹/*la¹-ma	*lam-baŋ	*koŋ, *lam
S	cognacy	1	1	1	1	1	1	1	1	1	1	1	1	1	1	1	1	1	1	2	2	2	2		1	1	1	1	1	1	1
65	rain	na-mu 	na-mu ~ na-mɔː 	nə-ʦʰoː ~ nə-ʦʰuː 	ɲi-mi 	pʰ-ʨʰu 	nə-ʨʰu 	nə-ʨʰu 	naː-ʦʰu 	haːpʰiɛ	hapʰije	hapʰije	hapʰije	hapʰije	hapʰije	hampiː	hampɹoː	hampɹoː	haʔpɹo	ampɹuː	ampjuː	aŋ³³pru⁵³	aŋ³³pru⁵³		ŋamsu	mó (mou:)	čhar-pa	*mV-doŋ ~ pV-doŋ	*no⁴-kha	*nə-dəj; *pro	*ruaʔ
LS	cognacy	1	1	2	1	2	2	2	2	3	3	3	3	3	3	3	3	3	3	3	3	3	3		4	1	5	6	7	3	8
66	red	ʔɔ-kʰjek	ʔɔ-hɛk ~ hɔːla 	ʔə-hɛk 	ʔə-hɛk 	ʔə-hɛk̚	ʔə-hɛk ~ ʔa-hɛk 	ʔə-hɛk ~ʔa-hɛk 	ʔa-xɛk	əɕɛk	eʃaik	eʃek	ʃeⁱk/eʃaik	ʃeⁱ 	eʃaik	aʃiʔ	ahɨː	arjuʔ	arjuʔ	arjuk	arjuk	a³³jiʈ³³	a³³jiˀ⁵⁵		ʦalu	nì, máʊ̃, yé	dmar-po	*lɯŋ	*Gɯ⁰-cak	*ʨaʔ	*sʰan ⪤ sʰen
LS	cognacy	1	1	1	1	1	1	1	1	1	1	1	1	1	1	1	2	3	3	3	3	4	4		5	6	7	8	5	5	9
67	root	raba 	hiŋŋa lej 	ʔə-hĩː 	rabɔː	ʔi-hĩː ~ ʔə-hĩː 	ʔa-hĩː 	ʔi-hĩː 	ʔa-xĩː 	ərəŋ	eraŋ	eraŋ	eraŋ	eraŋ	eraŋ	ʃiN-rin	hɨ̃-rin	arɨŋ	ariŋ	areŋ	areŋ	heʴn³³kuŋ³³	a³¹koŋ⁵⁵		raʨʰi	əmyiʔ	rʦa-ba	*pɯr?	NA	*mə-kriŋ	*yuŋ
LS	cognacy	1	2	3	1	3	3	3	3	4	4	4	4	4	4	4	4	4	4	4	4	5	5		1	6	7	8		4	9
69	to run	dur 	dul	kjaː ~ ʨʰaː 	 ʨʰaː 	ʨɛː	riŋ 	lɛ ʔikʰɛn 	ʦʰɔː	ran	NA	NA	NA	NA	NA	rin	ren	rit	riʔ	riʔ	riʔ	riʈ³³	ʑei⁵⁵		ʥuk	pyéi	rgyug-pa	NA	*khat	NA	*plii ⪤ play
1	cognacy	1	1	2	2	2	3	4	2	3						3	3	3	3	3	3	3	5		6	7	6		2		7
70	salt	ha 	ha 	hũː 	huŋ 	hũŋ 	huŋ 	huŋ 	hũː 	səruə	suruwa	suruwa	surəja	suɹe	suruwa	fəu	fou	foː	hoŋ	hoŋ	hoŋ	hɔŋ³³	hoŋ⁵⁵		ʔinʨʰa 	sʰá	ʦhwa	*lo	*sɯm³/*kha¹-rɯi	*lu	*ʦii
L	cognacy	1	1	2	2	2	2	2	2	3	3	3	3	3	3	4	4	4	2	2	2	2	2		5	5	5	3	6	3	7
71	sand	beʦa 	beʦa 	mə-kʰɔ 	beʦɔ	kʰə-bɔ	kʰə-pʰɔ 	kʰ-pʰa ~ kʰ-fa 	gə-pʰa 	baːli	bali	bali	bali	bali	bali	səmpjɛː	panʧɨːhɹɛː	pãʧɨʔ	bɛɛʧiʔ	pɹɛːʧeiʔ	pjɛːʧeʔ	pɹæʳ³³ʦət³³	paʳ⁵⁵ʦeʳ³³		bɛʦa 	θé	bye-ma	NA	*haŋ²-ceŋ	*sə-gə-raj	*neel
LS	cognacy	1	1	2	1	3	3	3	3	4	4	4	4	4	4	5	6	6	6	6	6	6	6		1	7	8		9	10	11
73	to say	ʔin 	ʔin 	ʔam 	ʔam 	ʔan ~ ʔɛm	ʔan 	ʔɛn 	ʔɛn 	jaː	jemage	je	jepʰa	sipʰa	jopʰa	riː	rjoː	rjoː	jɔː	luiʔ	luiʔ	luiʔ	ɬuiᵗ⁵³		jik	sʰò	bśad	*ban~man	*hɯn¹	NA	NA
	cognacy	1	1	1	1	1	1	1	1	2	2	2	2	3	2	4	4	4	2	5	5	5	5		6	3	3	7	1		
74	to see	ʔaj 	ʔaj 	ʔɔː	ʔɔː 	ʔɔː 	nũː (-ʨʰi) 	NA	nɔ̃ː-ʨʰi 	gərak	rəkmage	rək	rəg	rekpʰa	rək	niŋ	njəŋ	niŋ	ɲɨː	ʤei	ʤei	ŋua³³/daȶ³³	ŋwa⁵⁵daᵗ³³		tʰɔŋ 	myì̃, myɔ̀	mthoṅ-ba	*kaŋ	*nuk	*gaŋ	*hmuu-I, hmuʔ-II
LS	cognacy	1	1	1	1	1	2		2	3	3	3	3	3	3	4	4	4	4	5	5	6	6		7	4	7	8	2	8	9
82	to sit	ʥu	ʥu	ʥau	ʥau	ʥo 	ʥɔː 	ʥɔː 	ʣɔː 	duk	dukma	tuk	duk	dəkmu	dukmage	rɨː	ʤao	tuŋ	tuŋ	tuŋ	tuŋ	toŋ³³	toŋ⁵⁵		laŋ 	tʰàĩ (htain)	sdod-pa	*duŋ	*a⁴-shoŋ	*ʥuC	*taw
S	cognacy	1	1	1	1	1	1	1	1	2	2	2	2	2	2	3	1	2	2	2	2	2	2		4	5	6	2	7	1	8
75	skin/hide	ɕa-kʰɔʔ 	ɕa-kɔ ~ ɕa-kʰɔʔ 	s-kuk 	s-kuk 	s-kuk ~ s-kʰuk 	sə-kuk ~ s-kuk 	s-kuk ~ s-kʰuk 	ʂ-kʰuk 	eːkʰuk	ekʰuk	ekʰuk	ekʰuk	ekʰuk	ekʰuk	akuʔ	akɨː	akəː	akəː	akəː	akəː	a³³kə⁵³	a³¹kə⁵³		kʰɔptaŋ 	əkʰù̃ (akhun), əyèi	pags-pa	*rjo/*pɯn	*Gur¹	*mə-prja	*phoo, *wun
LS	cognacy	1	1	1	1	1	1	1	1	1	1	1	1	1	1	1	1	1	1	1	1	1	1		1	1	2	3	4	5	6
27	to sleep	min	min	ʥiŋ	ʥin	ʥiŋ	ʥiŋ	ʥiŋ	ʣiŋ 	mjɛn	mijenmage	mijen	mijanpʰa 	men	menpʰa 	rəm	rəm	rəp	rəʔ	rəm	rəm	ɣəŋ³³	ɣəŋ⁵⁵		jip 	seʔ	ñal-ba	*jup	NA	*ʥV	*ʔip-I, ʔiʔ-II
LS	cognacy	2	2	1	1	1	1	1	1	2	2	2	2	2	2	3	3	3	3	3	3	3	3		4	5	6	4		7	4
76	small	kati 	ɕada	ʔa͡-ʨan-du	ʔa͡-ʨan-du	ʨɔ̃n-du ~ ʨɔ̃ː-du	ʔa-ʥan-du 	ʔadudu 	ʔa-ʥãn-du 	ətidua	ẽeᵘ	ejuŋ	ejuŋ	ejuŋ	iu	aziː	aziː	ajiŋ	ɲɛːdoː	kəsiʔ	kəsiʔ	ciaŋ³³	ʥiaŋ⁵⁵		zemu 	ɲ̥eʔ	čhuṅ-čhuṅ	NA	NA	NA	*θaa-I, θaat-II
LS	cognacy	1	2	3	3	3	3	2	3	2	4	4	4	4	4	5	5	4	6	7	7	3	3		5	6	8				9
77	smoke	bu-kʰu	bu-kʰu	ba-kʰy 	ba-kʰy 	ba-kʰy 	ba-kʰy 	ba-kʰy 	ba-kʰy 	bakʰau	boᵉkʰaᵘ	bukʰu	bamkʰam	baiŋkʰam	boᵉmokʰəm	bɛkʰɨː	baikəː	baikɨː	baikɨː	bɛːkɨː	bɛːkɨː	bæ³³kɯ³³	bæ³³kɯ⁵⁵		mukʰu ~ mugu 	əkʰó	du-ba	*mə-kɯ	*muk	*maj-kən	*may-khuu
LS	cognacy	1	1	1	1	1	1	1	1	1	1	1	1	1	1	1	1	1	1	1	1	1	1		1	1	2	1	3	1	1
79	stand	kʰiŋ	kʰiŋ	kʰĩː	kʰĩː	ʨʰĩː	ʨʰĩː	ʨʰĩː	ʈ͡ʂʰĩː	ʦai	riᵒma 	riᵒ	riᵒ	ʤoi	ʤaimage	ʧiN	ʧin	ʧiŋ	ʧiŋ	ʧiŋ	ʧiŋ	cin³³pua¹¹	cin⁵⁵		tʰiŋ 	tʰa̰	ḥgyiṅ-ba	*dak	*diŋ¹	*gu	*ɗiŋ-I, ɗin-II
LS	cognacy	1	1	1	1	1	1	1	1	2	3	3	3	2	2	1	1	1	1	1	1	1	1		4	5	1	5	4	6	4
80	star	kaɹma	kaɹma ~ kalma 	zyʔ ~ zy ~ zyk̚ 	ʨʰu-zuk	 ʨʰyŋ-zyk	 ʨʰyŋ-zyk	də-zyk 	dy-ʐyk 	ʦaːtrɔŋ	sadijoŋ	satijoŋ	tadijaŋ	ladijaŋ 	tadijaŋ	haNwaiʔ	hadaŋ	sat	saiʔ	pəʤaiʔ	pəʤaiʔ	ha³³ɣat⁵³	ha³¹ɣai⁵³		kaɾma 	ʧè (kje)	skar-ma	*kar	*[ha⁴-tV-khi]	*lə-ʨuŋ	*ʔaar-θii ⪤ -sii
LS	cognacy	1	1	2	2	2	2	2	2	3	3	3	3	3	3	4	3	5	5	6	6	7	7		1	8	1	1	9	2	10
81	stone/rock	luŋ 	luŋ 	lýŋ 	luŋ 	rýŋ 	rýŋ 	lýŋ 	lýŋ 	ləbau	labaᵘ	labaᵘ	labaᵘ	labaᵘ	lubu	kalɨŋ	kahoŋ	kəbɹaː	kəbɹaː	kəbɹaː	kəbɹaː	kə³³pɔʳ³³	kə³¹paʳ⁵⁵		luŋ 	ʧaʊʔ (kjau'), kʰé	rdo	*lɯŋ	*loŋ²	NA	*luŋ
LS	cognacy	1	1	1	1	1	1	1	1	2	2	2	2	2	2	1	1	3	3	3	3	3	3		1	4	5	1	1		1
78	sun	na-mi 	na-mi ~ na-me 	nə-nyː 	nə-niː 	nə-miː 	nə-myː ~ nə-miː 	nə-nyː 	naː-nyː 	haːnɛiŋ	hanaⁱ	haneⁱŋ	hanaⁱ	hanaⁱ	hanaⁱ	hami	hami	hami	hami	kriː	kriː	kə³³ri³³	kəʳ³¹ri⁵⁵		ŋam 	nèi	ñi-ma	*ñi	NA	*ʥuʔ	*nii
S	cognacy	1	1	2	2	1	1	2	2	3	3	3	3	3	3	1	1	1	1	2	2	2	2		4	2	2	2		5	2
83	sweet	jɔŋjɔŋ	ʔɔ-bej-da 	ʔa-ʦĩː ~ ʔa-ʨĩː 	ʔa-ʨĩː 	ʨĩː	ʨĩː	ʔa-blã 	ʔa-ʦĩː 	pʰjɛŋ	pʰijam	pʰijaŋ	pʰijaŋ	pʰijaŋ	pʰijaŋ	apin	apin	apin	apiŋ	apiŋ	apiŋ	a³³piŋ³³	a³¹pin⁵⁵		ɕimpu 	ʤò (chou)	źim-po/mṅar-mo	*tiː	*tɯi²	*mə-jaŋ	*khlum
L	cognacy	1	2	3	3	3	3	2	3	3	3	3	3	3	3	3	3	3	3	3	3	3	3		3	4	3	5	5	5	4
84	tail	ɲɔj	ɲuj ~ ɲɔj 	ʔa-ɲaː 	ʔa-ɲaː 	ʔa-nɛʰ 	ʔa-nɛʰ 	ʔa-nɛʰ 	ʔa-naːʰ 	əɲui	eɲoⁱ 	eɲoⁱ 	eɲoⁱ 	eɲoⁱ 	eɲoⁱ 	a-nyi	a-sərjam	akədoŋ	ɲimɹɛː	ni-mɹɛː	ni-mɹɛː	a³³ɲuk³³kuaŋ³³	a³¹ɲiu⁵⁵kuaŋ⁵⁵		ɕampi 	myí	mǰug-ma	*me~ mjo	NA	*mə-lə-mrjaj	*may
LS	cognacy	1	1	1	1	1	1	1	1	1	1	1	1	1	1	1	2	3	4	4	4	1	1		5	1	6	4		4	4
85	to take	tʰɔn 	tʰɔn 	tʰøː 	tʰɛː 	tʰɛn 	tʰĩː 	tʰøː(n) 	tʰøː 	rijə	tʰarijamage	ɹije	ɹeⁱpʰa	jepʰa	lije	leː	lei	lei	rei	rei	rei	ɣei³³	ɣei⁵⁵		bu 	sʰaʊ̀̃	blangs-pa	*laŋ	*la²	*ləw	*laa-I, laak-II
L	cognacy	1	1	1	1	1	1	1	1	2	2	2	2	2	2	2	2	2	2	2	2	2	2		3	4	5	5	5	2	5
86	thick	ʔɔ-tʰɛs 	ʔɔ-tʰɛs 	ʔa-tʰat 	ʔa-tʰɛt 	ʔa-tʰɛ 	ʔa-tʰɛ 	ʔa-tʰɛ 	ʔa-tʰɛ 	əkʰlabou	NA	NA	NA	NA	NA	apən	apen	apiʔ	toʔrɨː	apiʔ	apiʔ	a³³piʈ³³	a³¹piᵗ⁵³		tʰɛtpu 	tʰù	ḥthug-po	*bjɯŋ	*rɯ⁴-ca	NA	*ʦhaʔ
L	cognacy	1	1	1	1	1	1	1	1	2						3	3	3	4	3	3	3	3		1	4	4	5	2		6
88	this	ʔɔ-ʨʰi 	u-ʨʰi 	tʰwa	tʰa	tʰə	tʰɛː	tʰaː	tʰaː	NA	ehihi	hepʰomono	hepʰomono ~ menohi	hepʰomono	ʤije	hɨŋ	həŋ	həŋ	həŋ	həŋ	həŋ	həŋ³³	həŋ⁵⁵		utʰu 	dà, ən̥ì	ḥdi	*si	*i⁴	*huŋ	NA
L	cognacy	1	1	2	2	2	2	2	2		3	3	3	3	4	3	3	3	3	3	3	3	3		2	2	5	6	7	3	
90	tongue	lɔj	luj ~ lej 	laː-pʰɔ̃	laː	lɛː	lɛː	lɛː	laː	ryi	iri	ri	ri	ri	ri	alyi	jui	lue	lue	arue	arue	rye³³	a³¹lye⁵⁵		le 	ʃà	lče	*rjo	*shV¹-lai	*bə-laj	*lay
LS	cognacy	1	1	1	1	1	1	1	1	1	1	1	1	1	1	1	1	1	1	1	1	1	1		1	2	1	1	1	1	1
91	tooth	hin-tuŋ 	ɕin-tuŋ 	tɔkʦʰeː ~ tɔkʨʰeː 	nə-tʰuŋ 	pʰ-tʰyŋ 	nə-tʰyŋ 	nə-tʰyŋ 	ny-tʰyŋ 	ɕiɲɛn	ʃiniŋ	ʃinijat	ʃinijat	ʃiniŋ	ʃiniŋ	kətɔN	kətuaŋ	tuaŋ	tuaŋ	kətuaŋ	kətuaŋ	kə³³tuaŋ³³	kɯ³¹tuaŋ⁵⁵		ɕa 	swāḥ	so	*fiː	*phwa¹-Gam	*mə-tu	*haa
LS	cognacy	1	1	2	1	1	1	1	1	3	3	3	3	3	3	1	1	1	1	1	1	1	1		4	4	4	5	6	4	4
92	water	kʰow	kʰaw 	kʰoː	kʰoː	kʰoː ~ kʰow 	kʰɔː ~ kʰoː 	kʰɔː	kʰɔː	kʰoː	kʰo	kʰoᵘ	kʰoᵘ	kʰoᵘ	kʰoᵘ	kʰɔː	kua	kua	kua	kua	kua	kua³³	kua⁵⁵		ɾi 	yèi	čhu	*si	*tɯi¹	*wi	*tuy
LS	cognacy	1	1	1	1	1	1	1	1	1	1	1	1	1	1	1	1	1	1	1	1	1	1		2	2	3	4	5	6	5
93	what?	ʔa-be 	ʔa-be 	musi ʔaː	mə-raː 	pʰ-ʨʰɔ̃ː waː	ʔa-ti jaː 	mə-tiː ja 	mə-tiː ja 	ɲujaː	niwka	niw	niw	nije	ɲijaga	hɛː	hai	hai	hai	hiː	hiː	hi⁵³ɟeh⁵³	hi⁵⁵		haŋ 	əbè, bà	či/gaṅ	NA	*ma⁴	*tiŋ	NA
L	cognacy	1	1	2	2	3	4	4	4	5	5	5	5	5	5	6	6	6	6	7	7	7	7		8	1	9		10	4	
17	white	jaŋkaɹ	jaŋkaɹ ~ jaŋkal 	ʔa-zɔ̃ː 	ʔa-zɔ̃ː 	ʔa-zɔ̃ː 	ʔa-zɔ̃ː 	ʔa-zãː 	ʔa-zãː 	əmau	emoᵘ	emoŋ	mõᵘ, emoᵘ	mõᵘ	emoŋ	arjuN	arjuŋ	arjuŋ	arjuŋ	arjuŋ	arjuŋ	a³³rioŋ³³	a³¹ɬioŋ⁵⁵		baliŋmin 	pʰyù	dkar-po	*pun ~ puŋ	*bok	*mə-gə-raN	*(k)(r)aaŋ-I, (k)(r)aan-II 
S	cognacy	1	1	2	2	2	2	2	2	3	3	3	3	3	3	4	4	4	4	4	4	4	4		5	6	1	6	7	8	9
94	who?	mi 	mi 	ɲiː	ɲiː	miː 	miː 	niː 	niː 	haɲu	haniju	haŋuŋ	haniju	haniju	haniju	mii	hoː	hoː	haː	haː	haː	ha³³	ha⁵⁵		ʔibi 	myì	su	NA	*shar¹	*θu	*tuu
LS	cognacy	1	1	1	1	1	1	1	1	2	2	2	2	2	2	1	2	2	2	2	2	2	2		3	1	4		5	4	4
96	wind	nam-suŋ 	nam-suŋ 	nə-sɔm 	nə-sɔm 	p-søm 	ny-sɔm	nə-søn	na-søn 	haːsaːm	hasam	hasam	aʃam	hasam	hasam	haNʃin	hahɹɨn	hahɨn	ahuiʔ	aŋhuiʔ	aŋhuiʔ	aŋ³³huʈ⁵³	aŋ³³xɯᵗ⁵⁵		ɾidi 	lèi	rluṅ-ma/lhag-pa	*rji	*par¹	*low	*hu(u)y, *khlii
L	cognacy	1	1	1	1	1	1	1	1	1	1	1	1	1	1	2	2	2	3	3	3	3	3		4	5	6	5	7	8	3
97	wing	pɛmpu	ɲuj-pʰa 	nə-pʰaŋ 	lə-pʰaŋ 	mə-pʰaŋ 	nə-pʰaŋ 	ny-pʰaŋ 	ny-pʰaŋ 	əjik̚ ~ eːjik̚	NA	NA	NA	NA	NA	aʒuiN	aʒun	azuət	məjuiʔ	ajuiʔ	awiʔ	a³³juʈ³³	a³¹jəuᵗ⁵⁵		ɕɔkpa 	taʊ̀̃ bà̃ (taun ban)	gśog-pa	*lap	*kraŋ¹	*gə/mə-ʨəwC	*khlaa
L	cognacy	1	2	2	2	2	2	2	2	3						3	3	3	3	3	4	3	3		5	6	5	7	8	9	10
16	woman	ʥu-mu	ʥu-mu ~ ʥə-mu	ʥə-my 	ʥə-mi	ʥə-my 	ʥə-my 	ʥə-my 	ʥə-my 	bə-mi	dimi	bimi	bimi	hõamu	hõamua	məruː	amui	amui	amui	amui	amui	a³³mui⁵³	bi⁵⁵a³¹mui⁵³		mewakʦa 	ɲé	skye-dman/bud-med	*mji-məː	*mV²-cik	*nəməraj	*nuu
S	cognacy	1	1	1	1	1	1	1	1	1	1	1	1	2	2	3	1	1	1	1	1	1	1		4	5	6	1	7	8	9
98	wood	ɕiŋ	hiŋ	hiŋ	hiŋ	hiŋ	hiŋ	hiŋ	hiŋ	hiŋ	hiŋ	hiŋ	hiŋ	hiŋ	hiŋ	ʃiN	hɹɨn	hɨŋ	hɹiŋ	hɹeŋ	hjeŋ	heʴn³³	hren⁵⁵		ɕiŋ 	θiʔ	śiṅ	*sɯŋ	NA	*(g)o	*thiŋ
L	cognacy	1	1	1	1	1	1	1	1	1	1	1	1	1	1	1	1	1	1	1	1	1	1		1	1	1	1		2	1
99	yesterday	dɛj-ju 	di-ju 	di-jau 	NA	ʥɔ-hɔː ~ ʥoː 	ʥy-jɔː	dy-jɔː	dy-jɔː 	dijau ~ dijou	dijo	dijo	dijo	tʰəmijaŋ	dijo	ʤirjɛ:	rəniː	(prjoniː)	bɹõrĩ	bjariː	bjariː	bie³³ri⁵³	bie³³ɬi⁵³		ʔiniŋ 	NA	mdaṅ/kha-sa	 NA	*mi¹-a	*də-gaC	NA
L	cognacy	1	1	1		1	1	1	1	1	1	1	1	1	1	1	2		3	3	3	3	3		4		5		6	7	
